{
    "mse": 633129215.0185882,
    "mae": 15597.902044797182,
    "r2": 0.6636444639308601
}
